<?xml version='1.0' encoding='UTF-8' ?><wiki><pages><page><id>6513792000000004008</id><name><![CDATA[HomePage]]></name><url>HomePage</url><type>0</type><author>un71207661462268986r95id</author><version>1.0</version><createdon>1735775227900</createdon><modifiedby>un71207661462268986r95id</modifiedby><modifiedon>1735775228010</modifiedon><content><![CDATA[<b>Your content goes here ...</b><br/><br/>]]></content></page><workspace><name>introduction</name><title>Introduction Bord</title><page><id>6513792000000005005</id><name><![CDATA[Introduction-to-easysavego]]></name><url>Introduction-to-easysavego</url><type>0</type><author>un71207661462268986r95id</author><version>1.0</version><createdon>1735775573311</createdon><modifiedby>un71207661462268986r95id</modifiedby><modifiedon>1735775982688</modifiedon><content><![CDATA[            <header>         <h1>Easy Save Go Documentation</h1>         <p>&quot;Prosper Together, Forever&quot;</p>     </header>      <section>         <h2>About Easy Saving Group</h2>         <p>             Easy Saving Group, located at Namasuba Central, Entebbe Road, P.O. Box 122167 Kampala, Uganda,              is a registered organization with registration number WCBO9634.              Our mission is to provide a secure, transparent, and efficient savings platform for individuals and groups.         </p>     </section>      <section>         <h2>Purpose of this Documentation</h2>         <p>             This documentation provides a comprehensive guide to the Easy Save Go platform,              including its features, functionalities, and workflows.              It is designed to help users and administrators understand and use the platform effectively.         </p>     </section><br />]]></content><page><id>6513792000000005013</id><name><![CDATA[About-EasySaveGo]]></name><url>About-EasySaveGo</url><type>0</type><author>un71207661462268986r95id</author><version>1.0</version><createdon>1735776102222</createdon><modifiedby>un71207661462268986r95id</modifiedby><modifiedon>1735776595710</modifiedon><content><![CDATA[<section>     <h2>About Easy Save Go</h2>     <p>         Easy Save Go is a community-based financial services platform dedicated to empowering individuals and groups through accessible and sustainable financial solutions.          We aim to foster economic growth and prosperity at the grassroots level.     </p>      <h3>Our Services</h3>     <ul>         <li>Savings programs tailored for individuals and groups.</li>         <li>Group loans to support collective financial goals.</li>         <li>Individual loans for personal and business needs.</li>         <li>Asset financing programs to help members acquire essential assets.</li>         <li>A vibrant marketplace connecting members and the community for trade and services.</li>     </ul>      <h3>Governance</h3>     <p>         Easy Save Go is governed by a committed committee board that ensures transparency, accountability, and effectiveness in our operations.          The board includes the following roles:     </p>     <ul>         <li><strong>Chairman:</strong> Oversees and leads the group.</li>         <li><strong>Secretary:</strong> Maintains records and handles correspondence.</li>         <li><strong>Treasurer:</strong> Manages financial activities and ensures proper accounting.</li>         <li><strong>Group Members:</strong> Actively participate in decision-making and operations.</li>     </ul>      <h3>Licensing and Regulation</h3>     <p>         Easy Save Go is licensed by the Directorate of Community Based Organization Authority under Wakiso District.          This certification ensures compliance with local regulations and standards for community-based financial services.     </p>      <h3>Our Vision</h3>     <p>         To create a financially empowered community where every member can achieve prosperity through collaboration, innovation, and sustainable growth.     </p>      <h3>Our Mission</h3>     <p>         To provide accessible, reliable, and impactful financial solutions to individuals and groups, fostering economic independence and community development.&nbsp; &nbsp; &nbsp;</p></section>]]></content></page><page><id>6513792000000005021</id><name><![CDATA[Slogan]]></name><url>Slogan</url><type>0</type><author>un71207661462268986r95id</author><version>1.0</version><createdon>1735776852021</createdon><modifiedby>un71207661462268986r95id</modifiedby><modifiedon>1735776880285</modifiedon><content><![CDATA[<header>     <h1>Easy Save Go</h1>     <p>&quot;Prosper Together, Forever&quot;</p>     <p>Empowering communities through financial innovation and collaboration</p></header>]]></content></page><page><id>6513792000000005029</id><name><![CDATA[Purpose-of-this-Document]]></name><url>Purpose-of-this-Document</url><type>0</type><author>un71207661462268986r95id</author><version>1.0</version><createdon>1735777028620</createdon><modifiedby>un71207661462268986r95id</modifiedby><modifiedon>1735777135801</modifiedon><content><![CDATA[<section>     <h2>Purpose of This Document</h2>     <p>         This document serves as a comprehensive guide to the Easy Save Go platform, aimed at both users and administrators.          It outlines the platform's functionalities, workflows, and processes to ensure seamless use and understanding.     </p>     <p>         By providing clear and concise information, we aim to:     </p>     <ul>         <li>Help users navigate and utilize our platform effectively.</li>         <li>Provide administrators with detailed instructions for system management.</li>         <li>Address frequently asked questions and common troubleshooting scenarios.</li>         <li>Promote transparency and trust in our services.</li>     </ul>     <p>         Whether you are a new member or a returning user, this document will guide you through every aspect of Easy Save Go, ensuring a smooth and productive experience.&nbsp; &nbsp; &nbsp;</p></section>]]></content></page></page><page><id>6513792000000005037</id><name><![CDATA[Our-System-Overview]]></name><url>Our-System-Overview</url><type>0</type><author>un71207661462268986r95id</author><version>1.0</version><createdon>1735777443289</createdon><modifiedby>un71207661462268986r95id</modifiedby><modifiedon>1735777893602</modifiedon><content><![CDATA[<section>     <h2>System Overview</h2>     <p>         The Easy Save Go platform is a comprehensive financial system designed to support savings groups and individuals in managing their financial activities effectively.          Our platform provides a seamless and user-friendly experience for both members and administrators.     </p>      <h3>Key Components of Our Platform</h3>     <ul>         <li>             <strong>FD Client App:</strong> Access the financial dashboard and manage your savings conveniently.              Visit: <a target="_blank" href="https://app.easysavego.com" rel="noopener noreferrer">https://app.easysavego.com</a>         </li>         <li>             <strong>Official Website:</strong> Learn more about our services and community.              Visit: <a target="_blank" href="https://easysavego.com" rel="noopener noreferrer">https://easysavego.com</a>         </li>         <li>             <strong>Savings Area:</strong> Manage your savings securely and efficiently.              Visit: <a target="_blank" href="https://save.easysavego.com" rel="noopener noreferrer">https://save.easysavego.com</a>         </li>         <li>             <strong>Member Login:</strong> Access your personal account to view balances, transactions, and more.              Visit: <a target="_blank" href="https://easysavego.com/login" rel="noopener noreferrer">https://easysavego.com/login</a>         </li>         <li>             <strong>Admin Login:</strong> Administrators can manage accounts, deposits, and withdrawals.              Visit: <a target="_blank" href="https://easysavego.com/admin/login" rel="noopener noreferrer">https://easysavego.com/admin/login</a>         </li>     </ul>      <p>         By integrating these components, Easy Save Go ensures a smooth and secure experience for all users, enabling efficient financial management at every level.&nbsp; &nbsp; &nbsp;</p></section>]]></content><page><id>6513792000000005045</id><name><![CDATA[Secure-Account-Management]]></name><url>Secure-Account-Management</url><type>0</type><author>un71207661462268986r95id</author><version>1.0</version><createdon>1735778402565</createdon><modifiedby>un71207661462268986r95id</modifiedby><modifiedon>1735778550435</modifiedon><content><![CDATA[<section>     <h2>Secure Account Management</h2>     <p>         Easy Save Go prioritizes the security of its members' financial data. We offer a variety of account types, all protected with robust security measures to ensure the highest level of safety.     </p>      <h3>Types of Accounts</h3>     <ul>         <li><strong>Savings Account:</strong> Designed for long-term and short-term savings.</li>         <li><strong>Shares Account:</strong> For members to contribute and build collective financial strength.</li>         <li><strong>Loans Processing Account:</strong> Facilitates smooth loan application and management.</li>     </ul>      <h3>Security Measures</h3>     <p>         All accounts are protected with advanced encryption and security protocols, ensuring that members' financial data is safeguarded against unauthorized access.          We utilize the highest standards in microfinance and banking security, including:     </p>     <ul>         <li><strong>End-to-End Encryption:</strong> Ensures that all data exchanged between the client and the server is secure and confidential.</li>         <li><strong>Two-Factor Authentication (2FA):</strong> Adds an extra layer of security through a second verification step.</li>         <li><strong>One-Time Passwords (OTP):</strong> Temporary codes sent to members for secure account access.</li>         <li><strong>Tokenization:</strong> Converts sensitive data into non-sensitive tokens for secure transactions.</li>     </ul>      <p>         By implementing these measures, Easy Save Go ensures a secure and trustworthy platform for all financial transactions.&nbsp; &nbsp; &nbsp;</p></section>]]></content></page></page><page><id>6513792000000005053</id><name><![CDATA[Our-Payments-Processing-System]]></name><url>Our-Payments-Processing-System</url><type>0</type><author>un71207661462268986r95id</author><version>1.0</version><createdon>1735779276244</createdon><modifiedby>un71207661462268986r95id</modifiedby><modifiedon>1735779416013</modifiedon><content><![CDATA[<section>     <h2>Payment Processing Systems</h2>     <p>         Easy Save Go integrates trusted and secure payment processing systems to ensure seamless financial transactions for our members.          Below are the two primary systems we use for handling payments:     </p>      <h3>Flutterwave Payments Technology</h3>     <p>         Flutterwave is one of the most trusted payment providers in Africa, operating in multiple regions including:     </p>     <ul>         <li>Nigeria (Head Office)</li>         <li>Kenya</li>         <li>Rwanda</li>         <li>Tanzania</li>         <li>Uganda</li>         <li>USA</li>         <li>Canada</li>              </ul>     <p>         Known for its highest security standards and encryption technologies that exceed industry and banking levels,          Flutterwave ensures secure and reliable payment processing for all transactions within Easy Save Go.     </p>      <h3>Forever Pay Inc.</h3>     <p>         Additionally, Forever Pay Inc. is a proprietary payment processing system developed by Forever Developers, owned and operated by Easy Save Go.          This system is tailored to meet the specific needs of our platform in Uganda, ensuring top-tier security and encryption for all financial operations.     </p>      <p>         Together, these systems guarantee a secure and seamless payment experience for our members.&nbsp; &nbsp; &nbsp;</p></section>]]></content><page><id>6513792000000005061</id><name><![CDATA[Savings-and-Fee-structure]]></name><url>Savings-and-Fee-structure</url><type>0</type><author>un71207661462268986r95id</author><version>1.0</version><createdon>1735781182515</createdon><modifiedby>un71207661462268986r95id</modifiedby><modifiedon>1735781489165</modifiedon><content><![CDATA[<section>     <h2>Account Funding, Withdrawal, Balance Tracking, and Charges</h2>     <p>         Easy Save Go provides a streamlined process for funding accounts, managing withdrawals, tracking balances, and understanding charges. Below are the details of each process:     </p>      <h3>Account Funding</h3>     <p>         To fund your account, follow these steps:     </p>     <ol>         <li>Login to your account using your credentials.</li>         <li>Navigate to the billing or products and services section.</li>         <li>Select your desired account product such as 3-month, 6-month, 1-year, full-time, Save like a PRO, PRO+, Normal shares, or non-withdrawable shares.</li>         <li>Click on the selected product and proceed by clicking 'Save' or 'Add to Cart'.</li>         <li>If using a cart, click 'Checkout' and select Forever Pay Inc. as the payment method. Click 'Proceed'.</li>         <li>Enter your mobile number in the format 256XXXXXXXXX and click 'Proceed'.</li>         <li>Enter the system-generated token or OTP, then click 'Validate'.</li>         <li>Initiate the mobile money deposit by entering your mobile money PIN and clicking 'Send' or 'OK'.</li>         <li>Once the payment is confirmed on your device, a deposit confirmation receipt and invoice will be sent automatically.</li>         <li>Your deposit will be credited to your selected account, and you’ll see your updated balance.</li>     </ol>      <h3>Alternative Funding Option: User Account Credit</h3>     <p>         Members can also fund their accounts through available credit by:     </p>     <ul>         <li>Logging into their user account.</li>         <li>Using available credit to deposit into their savings or other accounts.</li>     </ul>      <h3>Withdrawals</h3>     <p>         To request a withdrawal:     </p>     <ol>         <li>Navigate to 'My Account' and select 'Withdrawal Request'.</li>         <li>Fill in the required information and submit.</li>         <li>Ensure your account details are correct.</li>         <li>Allow 6 to 12 working hours for the withdrawal to be processed and the funds to be received in your provided account.</li>     </ol>      <h3>Balance Tracking</h3>     <p>         Members can easily track their balance by:     </p>     <ol>         <li>Going to 'My Account' &gt; 'Payments'.</li>         <li>Selecting 'See Transactions' or 'Invoices' to view their balance.</li>         <li>Filtering, categorizing, and downloading receipts or sharing transaction information as needed.</li>     </ol>      <h3>Charges and Fees</h3>     <p>         Easy Save Go charges a processing fee for all transactions to cover transaction-related expenses. These fees are set at:     </p>     <ul>         <li>2.5% of the total transaction amount.</li>     </ul>     <p>         This fee is in line with industry standards for payment processing systems.&nbsp; &nbsp; &nbsp;</p></section>]]></content></page></page><page><id>6513792000000005069</id><name><![CDATA[Membership-and-Workflow]]></name><url>Membership-and-Workflow</url><type>0</type><author>un71207661462268986r95id</author><version>1.0</version><createdon>1735782428272</createdon><modifiedby>un71207661462268986r95id</modifiedby><modifiedon>1735782683294</modifiedon><content><![CDATA[<section>     <h2>Workflows</h2>      <h3>How to Register</h3>     <p>         Members can easily self-register by following these steps:     </p>     <ol>         <li>Open the FD Client App and click on 'Register' or 'Login'.</li>         <li>Fill in your personal details: full name, email address, create a password, and enter your telephone number.</li>         <li>Select your account type (Individual or Business).</li>         <li>Select the appropriate account product (e.g., 3 months, 6 months, loan processing, normal or non-withdrawable) Etc.</li>         <li>Enter your account number. If you are new, contact the system administrator to generate one (12-digit number).</li>         <li>Upload a photo of your national ID.</li>         <li>Read, understand, and agree to all terms and conditions on the registration page.</li>         <li>Complete the registration through the FD Client App or via the web at <a href="https://register.easysavego.com">https://register.easysavego.com</a>.</li>     </ol>      <h3>How Admin Updates Accounts</h3>     <p>         Admins can update member accounts through the admin control panel:     </p>     <ol>         <li>Log in to the admin dashboard at <a href="https://easysavego.com/admin/login">https://easysavego.com/admin/login</a>.</li>         <li>Navigate to 'Manage Accounts' or 'Member Management'.</li>         <li>Select the member's account that needs updating.</li>         <li>Edit necessary fields (e.g., personal information, account settings).</li>         <li>Save the changes and ensure the member is notified of updates.</li>     </ol></section>]]></content></page><page><id>6513792000000005077</id><name><![CDATA[Easy-Save-FAQS]]></name><url>Easy-Save-FAQS</url><type>0</type><author>un71207661462268986r95id</author><version>0.0</version><createdon>1735784204675</createdon><modifiedby>un71207661462268986r95id</modifiedby><modifiedon>1735784204675</modifiedon><content><![CDATA[&nbsp;]]></content></page><page><id>6513792000000005079</id><name><![CDATA[Easy-Save-FAQS]]></name><url>Easy-Save-FAQS-1</url><type>0</type><author>un71207661462268986r95id</author><version>1.0</version><createdon>1735784387013</createdon><modifiedby>un71207661462268986r95id</modifiedby><modifiedon>1735784634206</modifiedon><content><![CDATA[<section id="faq">   <h2>Frequently Asked Questions (FAQs)</h2>       <div class="faq-item">     <h3>How to Login</h3>     <p>To access your Easy Save Go account, follow these steps:</p>     <ol>       <li>Visit the website: <a href="https://easysavego.com/login">https://easysavego.com/login</a></li>       <li>Download the FD Client App: <a href="https://app.easysavego.com">https://app.easysavego.com</a></li>     </ol>   </div>       <div class="faq-item">     <h3>Available Savings Accounts</h3>     <p>Easy Save Go offers a variety of account types tailored to meet your financial goals:</p>     <ul>       <li>3 Months Account</li>       <li>6 Months Account</li>       <li>1 Year Account</li>       <li>Full-Time Account</li>       <li>Save Like a PRO</li>       <li>PRO+&nbsp;</li><li>Loan Processing Account</li>       <li>Normal Shares Account</li>       <li>Non-Withdrawable Shares Account</li>     </ul>   </div>       <div class="faq-item">     <h3>System Security and My Money/Savings Security</h3>     <p>Easy Save Go takes security seriously to protect your money and personal information. Our system is fully encrypted using:</p>     <ul>       <li>End-to-end Encryption</li>       <li>Two-Factor Authentication (2FA)</li>       <li>One-Time Password (OTP)</li>       <li>Tokenization</li>       <li>SSL-(EV)</li>     </ul>     <p>Additionally, We're audited by the <strong>Community Based Organization Authority</strong> to ensure compliance with industry regulations.</p>   </div>       <div class="faq-item">     <h3>How to Contact Us</h3>     <p>For any inquiries or assistance, you can reach us through:</p>     <ul>       <li><strong>Address:</strong> Easy Saving Group, P. O Box 122167, Kampala, Uganda</li>       <li><strong>Phone:</strong> +256-784062303</li>       <li><strong>Email:</strong>         <ul>           <li>hi@easysavego.com</li>           <li>op@easysavego.com</li>           <li>admin@easysavego.com</li>           <li>secretary@easysavego.com</li>           <li>compliancy@easysavego.com</li>           <li>market@easysavego.com</li>           <li>patrick@easysavego.com</li>         </ul>       </li>       <li><strong>Website:</strong> <a href="http://www.easysavego.com">www.easysavego.com</a></li>     </ul>   </div>       <div class="faq-item">     <h3>Other Services</h3>     <p>In addition to savings, Easy Save Go offers a variety of other financial services:</p>     <ul>       <li><a href="https://market.easysavego.com">Marketplace</a></li>       <li><a href="https://loans.easysavego.com">Loans</a></li>       <li><a href="https://assets.easysavego.com">Asset Financing</a></li>     </ul>   </div>       <div class="faq-item">     <h3>FAQs Related to Transactions</h3>      <h4>Q: What should I do if I encounter a payment error?</h4>     <p>A: If you face any payment error, kindly contact our support team at <strong>hi@easysavego.com</strong> or use the contact information provided in the 'How to Contact Us' section for assistance.</p>      <h4>Q: Can I modify my account details after registration?</h4>     <p>A: Yes, admin can update your account information through the Admin Dashboard, or you may request changes via customer support.</p>      <h4>Q: Are there any hidden charges?</h4>     <p>A: No, Easy Save Go is transparent about its fees. The only processing fee is 2.5% of each transaction performed, which caters to transaction handling and security processes.</p>      <h4>Q: How can I secure my savings account further?</h4>     <p>A: You can enable Two-Factor Authentication (2FA), use One-Time Passwords (OTP), and set up secure tokenization for additional security.</p>      <h4>Q: What happens if my withdrawal is delayed?</h4>     <p>A: Withdrawal delays are usually resolved within 6 to 12 working hours. If an issue persists, please contact support.</p>   </div></section>]]></content></page></workspace></pages></wiki>